City_ID,City,Country,Date,Lat,Lng,Max Temp,Humidity,Cloudiness,Wind Speed
0,Kandrian,PG,2022-04-17 15:51:17,-6.2167,149.55,298.47,88,97,2.12
1,Port Alfred,ZA,2022-04-17 15:47:51,-33.5906,26.891,292.69,78,97,3.24
2,Menongue,AO,2022-04-17 15:51:18,-14.6585,17.691,294.73,82,77,2.11
3,Fukue,JP,2022-04-17 15:51:18,32.6881,128.8419,288.65,46,98,3.78
4,Vaini,TO,2022-04-17 15:51:18,-21.2,-175.2,298.24,94,40,2.57
5,Leeton,AU,2022-04-17 15:51:19,-34.5667,146.4,294.18,43,100,6.17
6,Arraial Do Cabo,BR,2022-04-17 15:51:19,-22.9661,-42.0278,299.13,83,75,5.14
7,Cape Town,ZA,2022-04-17 15:49:13,-33.9258,18.4232,294.32,71,0,6.26
8,Tura,IN,2022-04-17 15:51:20,25.5198,90.2201,294.08,81,2,4.0
9,Vila Franca Do Campo,PT,2022-04-17 15:51:20,37.7167,-25.4333,291.38,80,75,4.75
10,Meulaboh,ID,2022-04-17 15:51:20,4.1363,96.1285,299.56,84,97,1.19
11,Khatanga,RU,2022-04-17 15:50:34,71.9667,102.5,261.42,96,99,4.96
12,Fare,PF,2022-04-17 15:51:21,-16.7,-151.0167,300.08,73,6,5.02
13,Bati,ET,2022-04-17 15:51:21,11.1833,40.0167,297.75,25,87,2.56
14,Sitka,US,2022-04-17 15:47:57,57.0531,-135.33,276.09,70,75,0.0
15,Ushuaia,AR,2022-04-17 15:49:31,-54.8,-68.3,281.96,71,75,2.57
16,Rikitea,PF,2022-04-17 15:51:21,-23.1203,-134.9692,298.79,65,3,5.53
17,Albany,US,2022-04-17 15:44:51,42.6001,-73.9662,277.69,72,64,4.92
18,Hobart,AU,2022-04-17 15:48:27,-42.8794,147.3294,289.96,73,100,2.06
19,Mataura,NZ,2022-04-17 15:51:22,-46.1927,168.8643,276.19,96,0,0.96
20,Vuktyl,RU,2022-04-17 15:51:22,63.8567,57.3094,271.07,83,86,2.74
21,Bluff,NZ,2022-04-17 15:51:23,-46.6,168.3333,276.37,83,3,2.35
22,Punta Arenas,CL,2022-04-17 15:51:23,-53.15,-70.9167,281.21,93,75,3.09
23,Esperance,AU,2022-04-17 15:51:23,-33.8667,121.9,286.06,60,80,4.68
24,Puerto Ayora,EC,2022-04-17 15:51:24,-0.7393,-90.3518,297.13,84,92,3.46
25,Jalu,LY,2022-04-17 15:51:24,29.0331,21.5482,301.34,24,32,7.95
26,Nikolskoye,RU,2022-04-17 15:51:24,59.7035,30.7861,280.09,65,88,1.91
27,Port Lincoln,AU,2022-04-17 15:51:25,-34.7333,135.8667,290.03,81,100,4.93
28,Kodiak,US,2022-04-17 15:49:09,57.79,-152.4072,274.88,87,100,2.06
29,Alugan,PH,2022-04-17 15:51:25,12.2188,125.4808,299.83,76,35,4.31
30,Luderitz,NA,2022-04-17 15:51:25,-26.6481,15.1594,294.24,59,0,5.44
31,Broken Hill,AU,2022-04-17 15:51:26,-31.95,141.4333,294.99,30,100,5.14
32,Atuona,PF,2022-04-17 15:51:26,-9.8,-139.0333,299.27,80,43,7.57
33,San Quintin,MX,2022-04-17 15:51:26,30.4833,-115.95,290.39,69,0,6.69
34,Qaanaaq,GL,2022-04-17 15:47:56,77.484,-69.3632,248.96,70,9,1.45
35,Hithadhoo,MV,2022-04-17 15:51:27,-0.6,73.0833,301.85,75,69,3.58
36,Bridlington,GB,2022-04-17 15:51:27,54.0831,-0.1919,291.42,81,100,8.47
37,Clyde River,CA,2022-04-17 15:51:27,70.4692,-68.5914,249.28,84,75,4.12
38,Pimentel,PE,2022-04-17 15:51:28,-6.8367,-79.9342,295.31,68,0,3.6
39,Mahebourg,MU,2022-04-17 15:51:28,-20.4081,57.7,299.4,94,40,3.09
40,Narsaq,GL,2022-04-17 15:51:28,60.9167,-46.05,273.3,79,100,2.57
41,Okhotsk,RU,2022-04-17 15:51:29,59.3833,143.3,265.89,90,100,1.77
42,Saldanha,ZA,2022-04-17 15:51:29,-33.0117,17.9442,299.18,71,2,5.02
43,Nhulunbuy,AU,2022-04-17 15:51:29,-12.2333,136.7667,298.49,100,75,0.51
44,Gritsovskiy,RU,2022-04-17 15:51:30,54.1376,38.1604,274.43,97,100,5.43
45,La Seyne-Sur-Mer,FR,2022-04-17 15:52:30,43.0982,5.8847,292.53,60,19,2.24
46,Makakilo City,US,2022-04-17 15:52:30,21.3469,-158.0858,295.38,75,0,5.14
47,East London,ZA,2022-04-17 15:49:15,-33.0153,27.9116,294.0,75,67,6.73
48,Srednekolymsk,RU,2022-04-17 15:52:31,67.45,153.6833,257.87,98,100,2.29
49,Soyaux,FR,2022-04-17 15:52:31,45.65,0.2,296.86,33,0,3.6
50,Champerico,GT,2022-04-17 15:52:31,14.3,-91.9167,304.45,64,12,3.78
51,Tiksi,RU,2022-04-17 15:52:32,71.6872,128.8694,251.47,98,48,1.3
52,Kapaa,US,2022-04-17 15:52:32,22.0752,-159.319,293.77,97,24,6.31
53,Lebu,CL,2022-04-17 15:52:32,-37.6167,-73.65,288.24,79,100,4.04
54,Yorosso,ML,2022-04-17 15:52:33,12.3536,-4.7761,305.49,23,91,4.43
55,Kavaratti,IN,2022-04-17 15:52:33,10.5669,72.642,302.54,71,14,2.95
56,Sao Filipe,CV,2022-04-17 15:52:33,14.8961,-24.4956,295.49,77,49,5.75
57,Busselton,AU,2022-04-17 15:52:34,-33.65,115.3333,286.48,68,24,1.59
58,Hervey Bay,AU,2022-04-17 15:52:34,-25.2986,152.8535,291.49,87,35,4.47
59,Caravelas,BR,2022-04-17 15:52:34,-17.7125,-39.2481,300.67,58,97,5.67
60,Coihaique,CL,2022-04-17 15:52:35,-45.5752,-72.0662,280.49,81,100,0.0
61,Avarua,CK,2022-04-17 15:50:15,-21.2078,-159.775,297.18,94,50,1.54
62,Mayo,US,2022-04-17 15:52:35,38.8876,-76.5119,286.63,41,0,10.73
63,Bachaquero,VE,2022-04-17 15:52:35,9.9694,-71.1494,297.91,90,100,3.51
64,Longyearbyen,SJ,2022-04-17 15:52:36,78.2186,15.6401,267.06,86,75,3.6
65,Ornskoldsvik,SE,2022-04-17 15:52:36,63.2909,18.7153,283.68,66,89,3.09
66,Mehamn,NO,2022-04-17 15:52:36,71.0357,27.8492,276.12,100,100,4.63
67,Mitsamiouli,KM,2022-04-17 15:52:37,-11.3847,43.2844,301.26,78,30,4.26
68,Kishi,NG,2022-04-17 15:52:37,9.0833,3.85,308.98,29,64,1.18
69,Victoria,HK,2022-04-17 15:52:37,22.2855,114.1577,296.03,77,96,4.02
70,Sena Madureira,BR,2022-04-17 15:52:38,-9.0656,-68.6569,300.91,78,26,2.21
71,Odienne,CI,2022-04-17 15:52:38,9.51,-7.5692,307.41,33,100,2.59
72,Husavik,IS,2022-04-17 15:52:38,66.0449,-17.3389,278.56,93,99,3.02
73,Puerto Madero,MX,2022-04-17 15:52:39,14.7208,-92.4215,303.42,65,56,4.19
74,College,US,2022-04-17 15:49:47,64.8569,-147.8028,263.14,50,20,4.12
75,Yellowknife,CA,2022-04-17 15:51:53,62.456,-114.3525,258.46,56,20,3.09
76,Bengkulu,ID,2022-04-17 15:52:39,-3.8004,102.2655,298.56,89,34,1.52
77,Segou,ML,2022-04-17 15:52:39,13.4317,-6.2157,312.15,12,7,3.38
78,Korla,CN,2022-04-17 15:52:40,41.7597,86.1469,287.82,14,0,0.68
79,San Pancrazio Salentino,IT,2022-04-17 15:52:40,40.4191,17.8305,289.14,61,100,9.99
80,Hofn,IS,2022-04-17 15:52:40,64.2539,-15.2082,281.28,80,20,3.89
81,Tasiilaq,GL,2022-04-17 15:52:41,65.6145,-37.6368,274.01,99,100,2.94
82,Jibuti,DJ,2022-04-17 15:50:17,11.5,42.5,300.31,56,58,6.29
83,Xining,CN,2022-04-17 15:52:41,36.6167,101.7667,278.05,33,90,3.13
84,Ushumun,RU,2022-04-17 15:52:41,52.7833,126.5333,270.04,75,42,2.26
85,Coquimbo,CL,2022-04-17 15:52:42,-29.9533,-71.3436,287.0,88,100,1.03
86,Oxford,GB,2022-04-17 15:48:33,51.7522,-1.256,292.24,30,0,6.17
87,Ciudad Bolivar,VE,2022-04-17 15:52:42,8.1222,-63.5497,307.5,35,96,4.83
88,Monrovia,LR,2022-04-17 15:50:25,6.3005,-10.7969,304.02,73,100,3.17
89,Athabasca,CA,2022-04-17 15:53:43,54.7169,-113.2854,271.98,66,98,0.43
90,Ngunguru,NZ,2022-04-17 15:53:43,-35.6167,174.5,292.04,94,100,13.09
91,Golyshmanovo,RU,2022-04-17 15:53:43,56.3979,68.3728,276.88,67,32,2.69
92,Kungurtug,RU,2022-04-17 15:53:44,50.5994,97.5228,273.07,90,26,1.02
93,Pevek,RU,2022-04-17 15:50:20,69.7008,170.3133,255.77,95,100,1.36
94,Rosarito,MX,2022-04-17 15:53:44,32.3333,-117.0333,291.62,63,41,5.96
95,Monterey,US,2022-04-17 15:52:01,36.2505,-121.2516,286.03,66,0,1.0
96,Camopi,GF,2022-04-17 15:53:45,3.1655,-52.3158,300.72,80,99,1.88
97,Alyangula,AU,2022-04-17 15:53:45,-13.8483,136.4192,297.08,94,100,0.0
98,Hermanus,ZA,2022-04-17 15:53:45,-34.4187,19.2345,293.04,59,9,6.96
99,Tual,ID,2022-04-17 15:49:03,-5.6667,132.75,301.57,76,100,2.68
100,Bethel,US,2022-04-17 15:53:46,41.3712,-73.414,281.53,47,15,3.58
101,Kozhva,RU,2022-04-17 15:53:46,65.1073,57.0459,270.81,93,87,2.44
102,Bredasdorp,ZA,2022-04-17 15:53:46,-34.5322,20.0403,290.61,72,0,4.22
103,Iranshahr,IR,2022-04-17 15:53:46,27.2025,60.6848,308.34,13,53,5.14
104,Lasa,IT,2022-04-17 15:53:47,46.6166,10.7002,289.65,60,66,2.83
105,Necochea,AR,2022-04-17 15:53:47,-38.5473,-58.7368,293.31,51,78,1.65
106,Port Blair,IN,2022-04-17 15:53:47,11.6667,92.75,301.42,69,39,1.28
107,Pangnirtung,CA,2022-04-17 15:53:48,66.1451,-65.7125,259.83,91,100,2.81
108,Saint-Augustin,CA,2022-04-17 15:53:48,51.226,-58.6502,274.44,99,100,5.0
109,Khasan,RU,2022-04-17 15:53:48,42.4308,130.6434,281.13,59,91,2.45
110,Butaritari,KI,2022-04-17 15:53:49,3.0707,172.7902,300.5,74,20,5.33
111,Airai,TL,2022-04-17 15:53:49,-8.9266,125.4092,289.16,92,100,0.75
112,Cabedelo,BR,2022-04-17 15:53:49,-6.9811,-34.8339,304.52,70,76,4.18
113,Vredendal,ZA,2022-04-17 15:53:50,-31.6683,18.5012,299.35,26,0,5.19
114,Gat,IL,2022-04-17 15:53:50,31.61,34.7642,308.53,29,1,4.51
115,Susaki,JP,2022-04-17 15:53:50,33.3667,133.2833,285.83,79,100,2.12
116,Namatanai,PG,2022-04-17 15:53:51,-3.6667,152.4333,300.26,78,99,3.53
117,Vila Velha,BR,2022-04-17 15:52:02,-20.3297,-40.2925,301.12,61,0,7.72
118,Sistranda,NO,2022-04-17 15:53:51,63.7256,8.834,286.13,74,95,1.63
119,Swabi,PK,2022-04-17 15:53:51,34.1199,72.4699,301.17,16,74,2.88
120,Erzincan,TR,2022-04-17 15:53:52,39.75,39.5,285.79,50,95,2.08
121,Tuktoyaktuk,CA,2022-04-17 15:50:23,69.4541,-133.0374,257.15,66,100,3.09
122,Talnakh,RU,2022-04-17 15:53:52,69.4865,88.3972,260.49,96,100,3.64
123,Faanui,PF,2022-04-17 15:53:52,-16.4833,-151.75,300.47,71,10,5.05
124,Mazatan,MX,2022-04-17 15:53:53,14.8667,-92.45,306.19,55,0,4.12
125,Port Elizabeth,ZA,2022-04-17 15:51:35,-33.918,25.5701,292.31,92,20,4.63
126,Kargasok,RU,2022-04-17 15:53:53,59.0556,80.8572,274.05,78,100,5.17
127,New Norfolk,AU,2022-04-17 15:53:53,-42.7826,147.0587,289.77,61,100,1.34
128,Dikson,RU,2022-04-17 15:53:54,73.5069,80.5464,259.86,93,100,5.91
129,Hereford,GB,2022-04-17 15:53:54,52.0568,-2.7148,291.33,60,100,6.32
130,Kaitangata,NZ,2022-04-17 15:53:54,-46.2817,169.8464,279.29,93,4,1.84
131,Pangkalanbuun,ID,2022-04-17 15:53:55,-2.6833,111.6167,297.89,90,88,0.48
132,Hilo,US,2022-04-17 15:53:55,19.7297,-155.09,296.08,96,100,1.54
133,Ponta Do Sol,PT,2022-04-17 15:53:55,32.6667,-17.1,297.11,41,100,5.51
134,Chenghai,CN,2022-04-17 15:53:56,23.4632,116.768,292.1,72,75,3.0
135,Rey Bouba,CM,2022-04-17 15:53:56,8.6724,14.1786,312.17,25,37,3.31
136,Sao Desiderio,BR,2022-04-17 15:54:56,-12.3633,-44.9733,301.96,66,97,0.35
137,Mogadishu,SO,2022-04-17 15:54:48,2.0371,45.3438,301.68,77,51,6.13
138,Yar-Sale,RU,2022-04-17 15:54:57,66.8333,70.8333,263.4,92,88,3.51
139,Santa Cruz De La Palma,ES,2022-04-17 15:54:57,28.6835,-17.7642,297.23,69,0,6.69
140,Severo-Kurilsk,RU,2022-04-17 15:54:57,50.6789,156.125,271.61,79,38,4.98
141,Tautira,PF,2022-04-17 15:54:58,-17.7333,-149.15,300.08,75,27,6.2
142,Saint-Philippe,RE,2022-04-17 15:54:58,-21.3585,55.7679,298.92,87,36,5.39
143,Lagoa,PT,2022-04-17 15:54:58,39.05,-27.9833,287.51,70,21,6.68
144,Conde,BR,2022-04-17 15:54:59,-7.2597,-34.9075,303.85,70,75,5.14
145,Pisco,PE,2022-04-17 15:54:54,-13.7,-76.2167,293.72,77,0,3.6
146,Kudahuvadhoo,MV,2022-04-17 15:54:59,2.6708,72.8944,302.28,70,51,5.36
147,Sisimiut,GL,2022-04-17 15:54:59,66.9395,-53.6735,266.52,60,100,2.39
148,Svetlyy,RU,2022-04-17 15:55:00,54.675,20.1347,280.91,55,65,4.59
149,Lazaro Cardenas,MX,2022-04-17 15:55:00,17.9583,-102.2,300.5,59,77,2.53
150,Katsuura,JP,2022-04-17 15:55:00,35.1333,140.3,287.36,74,72,2.91
151,Georgetown,MY,2022-04-17 15:50:53,5.4112,100.3354,302.01,88,40,2.57
152,Mason City,US,2022-04-17 15:50:09,43.1536,-93.201,277.77,50,75,5.66
153,Cayenne,GF,2022-04-17 15:50:22,4.9333,-52.3333,302.17,14,100,5.14
154,Klaksvik,FO,2022-04-17 15:55:01,62.2266,-6.589,282.66,96,100,5.82
155,Lechinkay,RU,2022-04-17 15:55:02,43.5647,43.4328,288.94,45,43,3.0
156,Palmer,US,2022-04-17 15:52:00,42.1584,-72.3287,280.38,56,75,8.23
157,Clarksville,US,2022-04-17 15:51:05,36.5298,-87.3595,285.42,49,75,8.75
158,Tuatapere,NZ,2022-04-17 15:55:03,-46.1333,167.6833,279.87,90,1,1.69
159,Shrewsbury,GB,2022-04-17 15:52:25,52.7101,-2.7521,291.82,58,100,7.19
160,Syumsi,RU,2022-04-17 15:55:03,57.1111,51.6149,273.43,98,100,3.31
161,Asfi,MA,2022-04-17 15:55:04,32.2994,-9.2372,295.41,59,100,8.22
162,Provideniya,RU,2022-04-17 15:55:05,64.3833,-173.3,271.93,97,100,8.52
163,Chulman,RU,2022-04-17 15:55:05,56.8479,124.9104,259.8,96,99,1.98
164,Jaru,BR,2022-04-17 15:55:06,-10.4389,-62.4664,301.08,76,98,3.32
165,Tashtyp,RU,2022-04-17 15:55:06,52.7939,89.8983,283.66,74,95,1.82
166,Lazarev,RU,2022-04-17 15:55:06,52.225,141.5131,267.64,96,94,4.22
167,Ilulissat,GL,2022-04-17 15:54:46,69.2167,-51.1,258.63,82,21,1.88
168,Ascension,US,2022-04-17 15:55:07,30.2169,-90.9001,300.97,81,100,4.12
169,Ixtapa,MX,2022-04-17 15:55:07,20.7,-105.2,306.56,14,84,1.43
170,Gushikawa,JP,2022-04-17 15:55:07,26.3544,127.8686,291.72,82,20,1.54
171,Kudymkar,RU,2022-04-17 15:55:07,59.0173,54.656,270.11,86,32,1.16
172,Sladkovo,RU,2022-04-17 15:55:08,55.5284,70.3385,279.92,54,14,3.27
173,Chuy,UY,2022-04-17 15:55:08,-33.6971,-53.4616,294.68,54,84,4.35
174,Iqaluit,CA,2022-04-17 15:55:08,63.7506,-68.5145,253.0,70,100,9.77
175,Hualmay,PE,2022-04-17 15:55:09,-11.0964,-77.6139,294.9,73,50,3.89
176,Linxia,CN,2022-04-17 15:55:09,35.6003,103.2064,279.68,39,100,2.42
177,Bull Savanna,JM,2022-04-17 15:55:10,17.8868,-77.5902,300.56,63,2,4.83
178,Raga,SS,2022-04-17 15:55:10,8.4596,25.678,308.14,27,79,0.92
179,Taoudenni,ML,2022-04-17 15:55:10,22.6783,-3.9836,305.71,15,0,7.05
180,Ponto Novo,BR,2022-04-17 15:55:11,-10.8628,-40.1336,300.4,71,100,3.92
181,Nemuro,JP,2022-04-17 15:50:34,43.3236,145.575,277.44,89,94,2.46
182,Pionerskiy,RU,2022-04-17 15:56:11,54.9508,20.2275,280.79,64,78,4.81
183,Constantine,DZ,2022-04-17 15:56:11,36.365,6.6147,290.82,51,40,11.83
184,Roald,NO,2022-04-17 15:56:12,62.5833,6.1333,290.66,66,40,2.57
185,Marawi,PH,2022-04-17 15:56:12,7.9986,124.2928,293.66,95,90,0.23
186,Jamestown,US,2022-04-17 15:53:50,42.097,-79.2353,275.11,57,75,4.63
187,Shimoda,JP,2022-04-17 15:56:12,34.6667,138.95,284.87,77,79,2.83
188,Huarmey,PE,2022-04-17 15:56:13,-10.0681,-78.1522,294.96,74,33,4.04
189,Rawson,AR,2022-04-17 15:56:13,-43.3002,-65.1023,291.15,56,29,10.48
190,Huangmei,CN,2022-04-17 15:56:13,30.1924,116.025,285.98,87,100,2.36
191,Dhidhdhoo,MV,2022-04-17 15:53:43,6.8833,73.1,302.45,74,100,4.88
192,Vegreville,CA,2022-04-17 15:56:14,53.5001,-112.0518,271.18,86,100,0.51
193,Brae,GB,2022-04-17 15:56:14,60.3964,-1.353,283.34,85,100,5.86
194,Vanimo,PG,2022-04-17 15:56:14,-2.6741,141.3028,299.2,87,90,1.22
195,Chapais,CA,2022-04-17 15:56:15,49.7834,-74.8492,270.03,74,100,6.45
196,Grindavik,IS,2022-04-17 15:56:15,63.8424,-22.4338,280.41,57,75,4.63
197,Hobyo,SO,2022-04-17 15:52:10,5.3505,48.5268,302.12,78,18,8.11
198,Sinnar,SD,2022-04-17 15:56:15,13.5691,33.5672,310.76,20,60,2.23
199,Katobu,ID,2022-04-17 15:56:16,-4.9408,122.5276,296.92,97,100,1.57
200,Tyrma,RU,2022-04-17 15:56:16,50.0833,132.1667,267.92,97,88,1.01
201,Ambon,ID,2022-04-17 15:51:24,-3.6954,128.1814,299.23,83,40,3.09
202,Barrow,US,2022-04-17 15:56:17,71.2906,-156.7887,253.28,93,21,3.94
203,Moose Factory,CA,2022-04-17 15:56:17,51.2585,-80.6094,267.15,73,100,4.12
204,Maniitsoq,GL,2022-04-17 15:56:17,65.4167,-52.9,268.61,60,99,0.41
205,Vyara,IN,2022-04-17 15:56:18,21.1167,73.4,300.74,57,0,3.38
206,Krasnoarmeysk,RU,2022-04-17 15:56:18,51.0239,45.6969,285.55,66,99,2.19
207,Watsa,CD,2022-04-17 15:56:18,3.0372,29.5355,297.22,56,99,1.32
208,Alofi,NU,2022-04-17 15:56:18,-19.0595,-169.9187,295.09,100,56,0.0
209,Norman Wells,CA,2022-04-17 15:56:19,65.282,-126.8329,253.17,65,20,1.03
210,Kruisfontein,ZA,2022-04-17 15:56:19,-34.0033,24.7314,290.86,76,31,2.49
211,Methoni,GR,2022-04-17 15:56:19,36.8197,21.7049,290.49,76,100,4.37
212,Coahuayana,MX,2022-04-17 15:56:20,18.7333,-103.6833,301.92,57,100,1.98
213,Skjervoy,NO,2022-04-17 15:56:20,70.0311,20.9714,279.15,97,100,3.6
214,Carnarvon,AU,2022-04-17 15:56:20,-24.8667,113.6333,294.19,94,100,2.57
215,Saskylakh,RU,2022-04-17 15:56:21,71.9167,114.0833,270.41,96,100,8.92
216,Pitimbu,BR,2022-04-17 15:56:21,-7.4706,-34.8086,304.48,69,80,3.94
217,Ribeira Grande,PT,2022-04-17 15:56:21,38.5167,-28.7,291.37,59,20,8.75
218,Lavumisa,SZ,2022-04-17 15:56:22,-27.31,31.892,289.55,98,100,0.9
219,Daniel Flores,CR,2022-04-17 15:56:22,9.3355,-83.6694,299.56,77,100,1.6
220,Yuncheng,CN,2022-04-17 15:56:22,35.0231,110.9928,284.31,68,100,1.53
221,Eregli,TR,2022-04-17 15:56:23,37.5133,34.0467,293.07,37,99,1.37
222,Nuuk,GL,2022-04-17 15:56:23,64.1835,-51.7216,270.86,79,97,8.05
223,San Patricio,US,2022-04-17 15:56:23,28.017,-97.5169,302.2,61,80,4.57
224,Samarai,PG,2022-04-17 15:56:24,-10.6167,150.6667,300.91,79,94,3.91
225,Awjilah,LY,2022-04-17 15:56:24,29.1081,21.2869,300.99,24,6,8.31
226,Banda Aceh,ID,2022-04-17 15:56:24,5.5577,95.3222,300.18,73,41,2.11
227,Portland,US,2022-04-17 15:51:45,45.5234,-122.6762,281.78,78,20,3.09
228,Balabac,PH,2022-04-17 15:56:25,7.9868,117.0645,300.59,79,36,3.61
229,Chebarkul,RU,2022-04-17 15:56:25,54.9749,60.3633,278.7,67,61,2.27
230,Huanren,CN,2022-04-17 15:57:25,41.2647,125.3667,282.68,45,99,0.55
231,Upernavik,GL,2022-04-17 15:57:26,72.7868,-56.1549,251.49,85,98,7.0
232,Muros,ES,2022-04-17 15:57:26,42.7762,-9.0603,295.2,62,45,6.52
233,Kiunga,PG,2022-04-17 15:57:26,-6.1219,141.2906,296.36,100,100,1.1
234,Presidente Epitacio,BR,2022-04-17 15:57:27,-21.7633,-52.1156,299.13,40,0,3.44
235,Romny,UA,2022-04-17 15:57:27,50.751,33.4747,276.77,89,100,2.31
236,Indiana,US,2022-04-17 15:57:27,40.0003,-86.2503,280.18,49,0,5.14
237,Egvekinot,RU,2022-04-17 15:57:28,66.3167,-179.1667,266.82,91,89,4.22
238,Paamiut,GL,2022-04-17 15:57:28,61.994,-49.6678,271.69,77,100,2.52
239,Pokhara,NP,2022-04-17 15:56:34,28.2333,83.9833,296.92,23,27,3.42
240,Derzhavinsk,KZ,2022-04-17 15:57:28,51.1,66.3167,287.11,54,98,3.09
241,Umm Kaddadah,SD,2022-04-17 15:57:29,13.6017,26.6876,309.61,16,84,1.09
242,Walvis Bay,NA,2022-04-17 15:57:29,-22.9575,14.5053,294.68,52,0,3.6
243,Hasaki,JP,2022-04-17 15:57:29,35.7333,140.8333,284.42,68,76,3.69
244,Merauke,ID,2022-04-17 15:57:30,-8.4667,140.3333,300.03,81,100,1.3
245,Killybegs,IE,2022-04-17 15:57:30,54.6333,-8.45,285.99,91,100,4.37
246,Guilin,CN,2022-04-17 15:57:30,25.2819,110.2864,286.21,92,100,1.95
247,Fort Abbas,PK,2022-04-17 15:57:31,29.1925,72.8536,308.12,6,40,1.84
248,Thinadhoo,MV,2022-04-17 15:57:31,0.5333,72.9333,301.99,70,85,4.14
249,Ati,TD,2022-04-17 15:57:31,13.2154,18.3353,312.62,20,71,1.78
250,Seoul,KR,2022-04-17 15:48:12,37.5683,126.9778,283.93,60,75,1.03
251,Basco,PH,2022-04-17 15:57:32,20.4487,121.9702,297.57,79,70,9.01
252,Bembereke,BJ,2022-04-17 15:57:32,10.2283,2.6634,308.5,22,51,2.36
253,Valparaiso,CL,2022-04-17 15:57:32,-33.0393,-71.6273,286.75,88,100,2.06
254,Los Llanos De Aridane,ES,2022-04-17 15:57:33,28.6585,-17.9182,295.01,69,0,6.69
255,Avera,US,2022-04-17 15:56:22,33.194,-82.5271,296.88,56,74,1.91
256,Lorengau,PG,2022-04-17 15:57:33,-2.0226,147.2712,300.52,81,65,2.16
257,Souillac,MU,2022-04-17 15:57:33,-20.5167,57.5167,299.36,94,40,3.09
258,Kazachinskoye,RU,2022-04-17 15:57:34,57.6953,93.2761,280.89,91,98,2.7
259,Rio Grande,BR,2022-04-17 15:57:34,-32.035,-52.0986,299.21,61,86,4.31
260,Kulhudhuffushi,MV,2022-04-17 15:57:34,6.6221,73.07,302.39,74,100,4.86
261,Bambous Virieux,MU,2022-04-17 15:57:35,-20.3428,57.7575,299.38,94,40,3.09
262,Sur,OM,2022-04-17 15:57:35,22.5667,59.5289,304.85,41,46,3.51
263,Geraldton,AU,2022-04-17 15:57:35,-28.7667,114.6,289.38,63,18,7.2
264,General Bravo,MX,2022-04-17 15:57:36,25.8,-99.1667,303.47,55,8,2.72
265,Victor Harbor,AU,2022-04-17 15:57:36,-35.5667,138.6167,289.08,91,100,0.74
266,Guerrero Negro,MX,2022-04-17 15:57:36,27.9769,-114.0611,291.49,67,50,6.39
267,Aklavik,CA,2022-04-17 15:57:36,68.2191,-135.0107,257.15,60,75,2.57
268,Lavrentiya,RU,2022-04-17 15:57:37,65.5833,-171.0,271.29,96,100,5.91
269,Mar Del Plata,AR,2022-04-17 15:54:26,-38.0023,-57.5575,294.16,83,40,2.68
270,Batu,ID,2022-04-17 15:57:37,-7.87,112.5283,293.27,95,100,0.48
271,Kahului,US,2022-04-17 15:56:48,20.8947,-156.47,295.84,86,25,0.89
272,Sabha,LY,2022-04-17 15:57:38,27.0377,14.4283,297.49,22,74,6.64
273,Terme,TR,2022-04-17 15:57:38,41.2092,36.9739,286.23,72,100,3.45
274,Itapaci,BR,2022-04-17 15:57:38,-14.9508,-49.5494,303.12,50,67,1.96
275,Saravena,CO,2022-04-17 15:57:38,6.9538,-71.8752,295.77,96,100,0.69
276,Tambun,ID,2022-04-17 15:58:39,-6.2641,107.0712,302.61,84,79,2.16
277,Chokurdakh,RU,2022-04-17 15:58:39,70.6333,147.9167,250.42,100,48,2.04
278,Zenzeli,RU,2022-04-17 15:58:39,45.9241,47.0474,288.13,53,23,5.28
279,Thompson,CA,2022-04-17 15:55:10,55.7435,-97.8558,267.24,53,20,0.0
280,Bowen,AU,2022-04-17 15:55:09,-20.0167,148.2333,295.39,81,1,4.39
281,Te Anau,NZ,2022-04-17 15:58:40,-45.4167,167.7167,280.25,93,22,0.95
282,Laguna,US,2022-04-17 15:58:40,38.421,-121.4238,288.2,77,0,4.12
283,Hauterive,FR,2022-04-17 15:58:41,46.0901,3.4459,292.57,40,3,3.69
284,Coromandel,BR,2022-04-17 15:58:41,-18.4733,-47.2003,299.43,45,36,2.74
285,Komsomolskiy,UZ,2022-04-17 15:58:41,40.4272,71.7189,295.55,24,42,2.06
286,Naze,JP,2022-04-17 15:58:42,28.3667,129.4833,290.66,62,82,2.82
287,Tabou,CI,2022-04-17 15:58:42,4.423,-7.3528,298.38,84,100,2.82
288,Flinders,AU,2022-04-17 15:58:42,-34.5833,150.8552,290.47,88,51,3.46
289,Karasuk,RU,2022-04-17 15:58:42,53.7377,78.0403,286.72,51,100,2.15
290,Mezhdurechensk,RU,2022-04-17 15:58:43,53.6942,88.0603,280.2,92,100,1.48
291,Sinnamary,GF,2022-04-17 15:58:43,5.3833,-52.95,301.05,73,62,4.46
292,Pacific Grove,US,2022-04-17 15:58:28,36.6177,-121.9166,283.39,87,3,3.58
293,Bam,IR,2022-04-17 15:58:44,29.106,58.357,299.49,24,73,2.46
294,Tazovskiy,RU,2022-04-17 15:58:44,67.4667,78.7,262.14,93,84,6.58
295,Waipawa,NZ,2022-04-17 15:58:44,-41.4122,175.5153,280.59,86,42,2.43
296,Jaicos,BR,2022-04-17 15:58:45,-7.3592,-41.1378,305.84,45,50,1.91
297,Hopewell,US,2022-04-17 15:58:45,37.3043,-77.2872,290.3,54,85,4.32
298,Naples,IT,2022-04-17 15:56:47,40.8333,14.25,289.4,44,40,8.75
299,Haines Junction,CA,2022-04-17 15:58:45,60.7522,-137.5108,265.12,73,98,2.06
300,Batagay,RU,2022-04-17 15:58:46,67.6333,134.6333,257.18,98,34,2.33
301,New Bern,US,2022-04-17 15:57:45,35.1085,-77.0441,294.83,62,98,0.89
302,Vao,NC,2022-04-17 15:58:46,-22.6667,167.4833,297.97,70,16,1.7
303,Cherskiy,RU,2022-04-17 15:58:46,68.75,161.3,254.47,99,100,2.29
304,Torbay,CA,2022-04-17 15:58:47,47.6666,-52.7314,281.58,73,75,11.83
305,Bathsheba,BB,2022-04-17 15:58:47,13.2167,-59.5167,302.49,65,40,9.77
306,Weligama,LK,2022-04-17 15:58:47,5.9667,80.4167,300.31,80,77,1.91
307,Atbasar,KZ,2022-04-17 15:58:48,51.8,68.3333,284.92,59,100,3.07
308,Luanda,AO,2022-04-17 15:54:19,-8.8368,13.2343,302.15,74,20,5.14
309,Reyes,BO,2022-04-17 15:58:48,-14.3167,-67.3833,301.41,44,24,2.77
310,Nola,IT,2022-04-17 15:58:48,40.922,14.5329,289.28,43,100,7.6
311,Praia Da Vitoria,PT,2022-04-17 15:56:58,38.7333,-27.0667,291.29,72,40,5.81
312,Sioux Lookout,CA,2022-04-17 15:58:49,50.1001,-91.917,269.19,63,40,2.06
313,Yatou,CN,2022-04-17 15:58:49,37.15,122.3833,285.11,48,100,3.39
314,Grahamstown,ZA,2022-04-17 15:58:49,-33.3042,26.5328,289.23,69,100,2.52
315,Shache,CN,2022-04-17 15:58:50,38.4167,77.2406,291.73,17,96,3.21
316,Paramirim,BR,2022-04-17 15:58:50,-13.4425,-42.2389,300.03,64,94,5.1
317,Homer,US,2022-04-17 15:58:50,59.6425,-151.5483,276.37,80,100,1.34
318,Dunedin,NZ,2022-04-17 15:53:52,-45.8742,170.5036,285.26,70,8,2.68
319,Castro,BR,2022-04-17 15:58:51,-24.7911,-50.0119,292.13,55,42,1.39
320,Arica,CL,2022-04-17 15:58:51,-18.475,-70.3042,293.28,60,100,3.09
321,Half Moon Bay,US,2022-04-17 15:58:51,37.4636,-122.4286,284.85,78,100,0.0
322,Ilebo,CD,2022-04-17 15:58:52,-4.3167,20.5833,301.45,70,81,0.74
323,Hambantota,LK,2022-04-17 15:58:52,6.1241,81.1185,298.34,100,20,1.54
324,Mareeba,AU,2022-04-17 15:59:52,-17.0,145.4333,294.55,92,86,1.21
325,Xinzhou,CN,2022-04-17 15:59:53,38.4092,112.7333,283.69,52,65,3.97
326,Cooma,AU,2022-04-17 15:59:53,-36.2333,149.1333,281.02,81,99,1.03
327,Taiyuan,CN,2022-04-17 15:59:53,37.8694,112.5603,285.07,43,0,11.0
328,Ambunti,PG,2022-04-17 15:59:54,-4.2365,142.8448,297.05,98,100,0.94
329,Yaan,NG,2022-04-17 15:59:54,7.3833,8.5667,308.46,39,57,3.56
330,Codrington,AU,2022-04-17 15:59:54,-38.2667,141.9667,286.41,95,100,2.58
331,Tarauaca,BR,2022-04-17 15:59:54,-8.1614,-70.7656,300.73,77,11,1.83
332,Porto Santo,PT,2022-04-17 15:59:55,33.072,-16.3415,292.36,68,20,10.29
333,Beyneu,KZ,2022-04-17 15:59:55,45.3167,55.2,293.18,26,92,2.53
334,Ulladulla,AU,2022-04-17 15:59:55,-35.35,150.4667,287.65,80,81,2.9
335,Chumikan,RU,2022-04-17 15:59:56,54.7183,135.315,262.43,96,92,2.03
336,Broome,US,2022-04-17 15:59:56,42.2506,-75.833,277.3,64,100,3.58
337,Evensk,RU,2022-04-17 15:59:56,61.95,159.2333,268.53,84,100,3.79
338,Zhangzhou,CN,2022-04-17 15:59:57,24.5133,117.6556,291.11,69,46,1.06
339,Kommunisticheskiy,RU,2022-04-17 15:59:57,61.6789,64.4819,267.93,91,42,1.99
340,Kefamenanu,ID,2022-04-17 15:59:57,-9.4467,124.4781,295.38,94,97,1.15
341,Puerto Colombia,CO,2022-04-17 15:59:58,10.9878,-74.9547,303.2,60,100,5.45
342,Getahovit,AM,2022-04-17 15:59:58,40.8978,45.1392,284.55,70,3,1.18
343,Touros,BR,2022-04-17 15:59:29,-5.1989,-35.4608,303.59,60,97,4.62
344,Fuyang,CN,2022-04-17 15:59:58,32.9,115.8167,284.33,57,99,1.08
345,Hoa Binh,VN,2022-04-17 15:59:59,20.8133,105.3383,291.58,94,100,0.96
346,Carnduff,CA,2022-04-17 15:59:59,49.1667,-101.8009,265.58,94,100,5.65
347,Roebourne,AU,2022-04-17 15:59:59,-20.7833,117.1333,302.67,39,23,2.65
348,Flin Flon,CA,2022-04-17 16:00:00,54.7682,-101.865,268.06,46,40,1.54
349,Xianshuigu,CN,2022-04-17 16:00:01,38.985,117.3828,289.15,44,0,3.0
350,Kieta,PG,2022-04-17 16:00:01,-6.2167,155.6333,299.61,82,100,0.54
351,Fagersta,SE,2022-04-17 16:00:02,60.0042,15.7932,289.81,48,30,1.01
352,Grand Gaube,MU,2022-04-17 16:00:05,-20.0064,57.6608,298.92,88,35,2.68
353,Meiringen,CH,2022-04-17 16:00:09,46.7268,8.184,288.52,38,20,8.23
354,Bereda,ES,2022-04-17 16:00:09,43.2686,-7.5406,291.71,68,95,3.0
355,Dukat,RU,2022-04-17 16:00:13,62.55,155.55,259.89,97,98,1.42
356,Saint Anthony,US,2022-04-17 15:58:20,45.0205,-93.218,279.84,48,97,2.68
357,Port-Gentil,GA,2022-04-17 16:00:15,-0.7193,8.7815,302.13,79,40,5.14
358,Soyo,AO,2022-04-17 16:00:16,-6.1349,12.3689,300.9,79,70,4.01
359,Vallenar,CL,2022-04-17 16:00:16,-28.5708,-70.7581,298.44,30,0,1.96
360,Udachnyy,RU,2022-04-17 16:00:17,66.4167,112.4,275.14,99,100,4.97
361,Ono,JP,2022-04-17 16:00:18,34.85,134.9333,288.23,66,53,1.85
362,Mindelo,CV,2022-04-17 16:00:19,16.8901,-24.9804,294.12,75,0,5.56
363,Nkayi,CG,2022-04-17 16:00:19,-4.1841,13.2884,303.73,71,80,0.21
364,Quillota,CL,2022-04-17 15:57:08,-32.8833,-71.2667,285.96,48,4,2.72
365,Yumen,CN,2022-04-17 16:00:20,40.2833,97.2,281.8,23,0,3.81
366,Gamba,GA,2022-04-17 16:00:21,-2.65,10.0,300.73,77,89,3.59
367,Cidreira,BR,2022-04-17 16:00:22,-30.1811,-50.2056,294.24,60,85,3.74
368,Umea,SE,2022-04-17 16:00:23,63.8284,20.2597,281.11,71,0,2.06
369,Roros,NO,2022-04-17 16:00:24,62.5747,11.3842,285.06,40,0,2.06
370,Giyani,ZA,2022-04-17 16:01:24,-23.3025,30.7187,290.16,82,100,3.54
371,Ravar,IR,2022-04-17 16:01:25,31.2656,56.8055,294.79,33,53,3.67
372,Puerto Penasco,MX,2022-04-17 16:01:25,31.3167,-113.5333,296.34,40,0,3.17
373,Ugoofaaru,MV,2022-04-17 16:01:25,5.6667,73.0,302.42,73,100,4.76
374,Akyab,MM,2022-04-17 16:01:26,20.15,92.9,301.14,84,12,2.08
375,Saint-Pierre,RE,2022-04-17 16:00:13,-21.3393,55.4781,298.97,83,21,8.23
376,Nizwa,OM,2022-04-17 16:01:26,22.9333,57.5333,306.36,16,86,2.86
377,Talcahuano,CL,2022-04-17 16:01:26,-36.7167,-73.1167,287.3,75,100,2.61
378,Severnyy,RU,2022-04-17 16:01:27,50.677,36.5532,281.17,100,75,2.0
379,Leningradskiy,RU,2022-04-17 16:01:27,69.3833,178.4167,254.69,96,37,1.48
380,Roma,US,2022-04-17 16:01:27,43.2128,-75.4557,277.8,72,100,8.49
381,Port Hedland,AU,2022-04-17 15:58:07,-20.3167,118.5667,299.18,89,17,2.06
382,Kavieng,PG,2022-04-17 16:01:28,-2.5744,150.7967,301.36,73,78,5.82
383,Puerto Rondon,CO,2022-04-17 16:01:28,6.2805,-71.1,297.99,82,100,1.81
384,Tutoia,BR,2022-04-17 16:00:19,-2.7619,-42.2744,301.13,82,83,3.48
385,Ambositra,MG,2022-04-17 16:01:29,-20.5167,47.25,288.36,97,5,1.58
386,Acari,PE,2022-04-17 16:01:29,-15.4311,-74.6158,298.09,55,89,3.73
387,Kutum,SD,2022-04-17 16:01:29,14.2,24.6667,306.58,13,100,2.19
388,Jumla,NP,2022-04-17 16:01:30,29.2747,82.1838,284.1,60,57,2.26
389,Uarini,BR,2022-04-17 16:01:30,-2.99,-65.1083,301.31,80,100,1.18
390,Strezhevoy,RU,2022-04-17 16:01:30,60.7333,77.5889,267.98,93,100,3.23
391,Inhambane,MZ,2022-04-17 16:01:31,-23.865,35.3833,295.85,91,93,3.1
392,Stornoway,GB,2022-04-17 16:01:31,58.2093,-6.3865,283.67,93,75,1.03
393,Keti Bandar,PK,2022-04-17 16:01:31,24.1447,67.4497,300.86,81,7,6.53
394,Popondetta,PG,2022-04-17 16:01:32,-8.7537,148.2534,296.64,92,84,1.34
395,Aksarka,RU,2022-04-17 16:01:32,66.5606,67.7975,262.41,89,43,3.63
396,Norman,US,2022-04-17 16:01:32,35.2226,-97.4395,288.66,66,100,3.13
397,Aljezur,PT,2022-04-17 16:01:33,37.3191,-8.8033,293.0,60,100,5.72
398,Richards Bay,ZA,2022-04-17 16:01:33,-28.783,32.0377,291.23,93,100,0.91
399,Viedma,AR,2022-04-17 16:01:33,-40.8135,-62.9967,291.95,60,92,4.84
400,Mayumba,GA,2022-04-17 16:01:34,-3.432,10.6554,300.39,80,83,3.34
401,Klyuchi,RU,2022-04-17 16:01:34,52.2667,79.1667,288.71,41,91,3.74
402,Pilar,BR,2022-04-17 15:59:47,-9.5972,-35.9567,301.11,53,53,4.15
403,Masindi,UG,2022-04-17 16:01:34,1.6744,31.715,295.69,69,64,1.47
404,Malanville,BJ,2022-04-17 16:01:35,11.8685,3.3899,312.19,10,68,2.9
405,Tiarei,PF,2022-04-17 16:01:35,-17.5333,-149.3333,297.16,76,14,6.02
406,Marzuq,YE,2022-04-17 16:01:35,14.4,46.4667,298.84,47,30,3.96
407,Port Macquarie,AU,2022-04-17 16:01:36,-31.4333,152.9167,289.2,88,27,2.17
408,Hamilton,US,2022-04-17 16:00:13,39.1834,-84.5333,281.07,47,96,2.68
409,Shingu,JP,2022-04-17 16:01:36,33.7333,135.9833,287.26,91,91,3.41
410,Shelbyville,US,2022-04-17 16:01:18,35.4834,-86.4603,287.62,58,0,3.6
411,Nago,JP,2022-04-17 16:01:36,26.5881,127.9761,291.83,71,5,1.94
412,Comodoro Rivadavia,AR,2022-04-17 16:00:00,-45.8667,-67.5,292.07,37,0,6.17
413,Kirakira,SB,2022-04-17 16:01:37,-10.4544,161.9205,299.61,81,100,2.38
414,Isangel,VU,2022-04-17 16:02:37,-19.55,169.2667,299.3,84,100,1.19
415,Donduseni,MD,2022-04-17 16:02:38,48.2427,27.6101,279.7,48,96,5.43
416,Lixourion,GR,2022-04-17 16:02:38,38.2019,20.4314,292.15,55,40,0.0
417,Fez,MA,2022-04-17 16:02:38,34.0372,-4.9998,302.29,24,0,3.6
418,Kholtoson,RU,2022-04-17 16:02:38,50.2981,103.3097,274.66,64,40,2.36
419,Philippsburg,DE,2022-04-17 16:02:39,49.2358,8.4564,290.92,18,27,0.89
420,Eureka,US,2022-04-17 16:02:39,40.8021,-124.1637,281.59,89,100,1.24
421,Palana,RU,2022-04-17 16:02:39,59.1167,159.9667,262.24,96,95,2.34
422,Artesia,US,2022-04-17 16:02:40,33.8658,-118.0831,292.52,74,0,1.54
423,Ikorodu,NG,2022-04-17 16:02:40,6.6191,3.5041,303.03,69,85,5.97
424,Mineiros,BR,2022-04-17 16:02:40,-17.5694,-52.5511,297.5,38,1,2.52
425,Salalah,OM,2022-04-17 16:02:41,17.0151,54.0924,300.89,81,2,3.12
426,Lodja,CD,2022-04-17 16:02:41,-3.4833,23.4333,299.34,75,100,0.92
427,Marau,BR,2022-04-17 16:00:56,-28.4492,-52.2,293.9,59,88,1.92
428,Duncan,US,2022-04-17 16:02:42,34.5023,-97.9578,291.51,62,0,4.12
429,Ukiah,US,2022-04-17 16:01:45,39.1502,-123.2078,281.13,89,100,0.89
430,Beira,MZ,2022-04-17 16:02:42,-19.8436,34.8389,300.2,83,40,3.09
431,Sola,VU,2022-04-17 16:02:42,-13.8833,167.55,300.59,73,84,2.26
432,Vanavara,RU,2022-04-17 16:02:43,60.34,102.2797,278.92,87,99,6.17
433,Omsukchan,RU,2022-04-17 16:02:43,62.5333,155.8,261.21,97,100,1.57
434,Anlu,CN,2022-04-17 16:02:43,31.1661,112.5831,285.93,76,100,1.39
435,Mapiripan,CO,2022-04-17 16:02:44,2.8892,-72.1256,301.34,71,88,0.89
436,Almaznyy,RU,2022-04-17 16:02:44,48.0448,40.045,287.7,59,95,1.06
437,Pangai,TO,2022-04-17 16:02:44,-19.8,-174.35,300.3,77,69,5.23
438,Bokod,HU,2022-04-17 16:02:45,47.4919,18.2474,286.31,41,78,2.33
439,Hueytown,US,2022-04-17 16:02:45,33.4512,-86.9967,289.2,100,100,2.06
440,Nouadhibou,MR,2022-04-17 16:02:45,20.931,-17.0347,291.83,90,20,6.86
441,Abu Samrah,SY,2022-04-17 16:02:45,35.3029,37.1841,297.99,15,100,5.04
442,Lugovoy,KZ,2022-04-17 16:02:46,42.9472,72.7644,291.63,48,83,2.28
443,Matagami,CA,2022-04-17 16:02:46,49.7502,-77.6328,268.21,68,100,6.17
444,Mildura,AU,2022-04-17 16:02:46,-34.2,142.15,292.63,76,100,4.29
445,Alenquer,BR,2022-04-17 16:02:47,-1.9417,-54.7383,303.42,64,100,0.54
446,Marsh Harbour,BS,2022-04-17 16:02:47,26.5412,-77.0636,298.28,72,76,5.27
447,Igrim,RU,2022-04-17 16:02:47,63.1906,64.4162,266.81,90,34,1.7
448,Hit,IQ,2022-04-17 16:02:48,33.6416,42.8251,298.35,14,0,2.76
449,Teya,RU,2022-04-17 16:02:48,60.3778,92.6267,274.28,92,100,3.99
450,Acajutla,SV,2022-04-17 16:02:48,13.5928,-89.8275,304.24,55,57,2.43
451,Quatre Cocos,MU,2022-04-17 16:02:49,-20.2078,57.7625,298.76,87,49,6.36
452,Fort Nelson,CA,2022-04-17 16:00:20,58.8053,-122.7002,262.03,84,100,3.27
453,Berlevag,NO,2022-04-17 16:02:49,70.8578,29.0864,277.15,98,100,3.93
454,Umm Lajj,SA,2022-04-17 16:02:49,25.0213,37.2685,300.61,52,92,0.86
455,Kitimat,CA,2022-04-17 16:02:50,54.0524,-128.6534,276.43,61,25,0.39
456,Katima Mulilo,NA,2022-04-17 16:02:50,-17.5,24.2667,297.02,67,60,2.11
457,Suntar,RU,2022-04-17 16:02:51,62.1444,117.6319,274.42,98,100,3.94
458,Isilkul,RU,2022-04-17 16:03:51,54.9109,71.2728,282.11,45,3,3.62
459,Benguela,AO,2022-04-17 16:00:33,-12.5763,13.4055,299.38,84,68,2.29
460,Barsovo,RU,2022-04-17 16:03:51,61.1667,73.1667,268.22,94,52,1.6
461,Havoysund,NO,2022-04-17 16:03:52,70.9963,24.6622,278.28,98,100,11.47
462,Srikakulam,IN,2022-04-17 16:03:52,18.3,83.9,301.47,66,99,4.86
463,Ossora,RU,2022-04-17 16:03:52,59.2353,163.0719,262.71,89,21,3.08
464,Verkhnevilyuysk,RU,2022-04-17 16:03:53,63.4453,120.3167,272.3,91,100,5.6
465,Petatlan,MX,2022-04-17 16:03:53,17.5167,-101.2667,301.04,39,88,1.91
466,Vestmanna,FO,2022-04-17 16:03:53,62.1564,-7.1664,281.66,100,100,4.63
467,Mount Gambier,AU,2022-04-17 16:03:54,-37.8333,140.7667,286.1,100,100,3.6
468,Tangshan,CN,2022-04-17 16:03:54,39.6333,118.1833,288.88,31,100,2.69
469,Lewisburg,US,2022-04-17 16:03:54,35.4492,-86.7889,286.53,57,40,4.12
470,Iberia,US,2022-04-17 16:03:55,29.9502,-91.7507,300.13,83,100,5.14
471,Bay-Khaak,RU,2022-04-17 16:03:55,51.1667,94.5,281.41,41,13,3.01
472,Jacareacanga,BR,2022-04-17 16:03:55,-6.2222,-57.7528,301.89,79,91,0.82
473,Tigzirt,DZ,2022-04-17 16:03:56,36.8886,4.1198,290.97,69,0,1.38
474,Hay River,CA,2022-04-17 15:59:23,60.8156,-115.7999,259.14,72,75,1.54
475,Port Moresby,PG,2022-04-17 16:03:56,-9.4431,147.1797,298.33,89,94,1.19
476,Korsakov,RU,2022-04-17 16:03:56,46.6328,142.7813,275.92,78,10,5.95
477,Ayan,RU,2022-04-17 16:03:57,56.45,138.1667,267.07,86,52,2.59
478,Ketchikan,US,2022-04-17 16:03:57,55.3422,-131.6461,277.14,75,0,3.09
479,Kamenka,RU,2022-04-17 16:00:23,51.3223,42.7678,284.77,76,99,1.67
480,Lenger,KZ,2022-04-17 16:03:57,42.183,69.8839,291.84,45,68,2.69
481,Sinjai,ID,2022-04-17 16:03:58,-5.1241,120.253,297.53,95,99,2.08
482,Kuching,MY,2022-04-17 15:59:36,1.55,110.3333,300.27,89,20,0.0
483,Bubaque,GW,2022-04-17 16:03:58,11.2833,-15.8333,298.31,66,45,7.85
484,Lata,PT,2022-04-17 16:03:58,40.1629,-8.3327,294.92,52,98,4.17
485,Palembang,ID,2022-04-17 16:00:55,-2.9167,104.7458,299.2,89,40,2.57
486,Asau,RO,2022-04-17 16:03:59,46.4333,26.4,278.86,59,100,4.67
487,Cairns,AU,2022-04-17 16:03:59,-16.9167,145.7667,297.12,89,100,4.12
488,Bairiki,KI,2022-04-17 16:03:59,1.3292,172.9752,299.15,83,20,2.57
489,Vestmannaeyjar,IS,2022-04-17 16:04:00,63.4427,-20.2734,279.73,69,54,3.14
490,Challans,FR,2022-04-17 16:04:00,46.8436,-1.8749,295.66,73,100,4.67
491,North Battleford,CA,2022-04-17 16:03:18,52.7834,-108.2847,273.37,64,87,1.26
492,Fortuna,US,2022-04-17 16:04:00,40.5982,-124.1573,281.44,93,0,2.57
493,Lompoc,US,2022-04-17 16:01:44,34.6391,-120.4579,287.0,85,100,7.15
494,Namibe,AO,2022-04-17 16:04:01,-15.1961,12.1522,297.79,74,61,4.46
495,Jardim,BR,2022-04-17 16:04:01,-21.4803,-56.1381,300.78,39,42,0.18
496,Urubicha,BO,2022-04-17 16:04:02,-15.3833,-62.95,297.33,50,100,2.51
497,Haljala,EE,2022-04-17 16:04:02,59.4336,26.2614,277.82,59,70,2.66
498,Mangrol,IN,2022-04-17 16:04:02,21.1167,70.1167,300.43,71,0,3.83
499,San Ignacio,BZ,2022-04-17 16:04:03,17.1561,-89.0714,303.23,62,20,2.06
500,Emerald,AU,2022-04-17 16:04:03,-23.5333,148.1667,290.56,64,0,3.77
501,Vardo,NO,2022-04-17 16:04:03,70.3705,31.1107,276.71,89,100,3.9
502,Nishihara,JP,2022-04-17 16:04:04,26.1842,127.7558,291.75,59,0,2.57
503,Port Augusta,AU,2022-04-17 16:04:04,-32.5,137.7667,292.46,78,100,8.12
504,Katangli,RU,2022-04-17 16:05:04,51.7102,143.2326,270.47,96,100,5.13
505,Madang,PG,2022-04-17 16:05:05,-5.2246,145.7966,297.76,90,75,1.17
506,Buri,BR,2022-04-17 16:05:06,-23.7975,-48.5928,294.18,60,53,3.53
507,Kisangani,CD,2022-04-17 16:05:06,0.5167,25.2,301.75,53,84,1.87
508,Kurumkan,RU,2022-04-17 16:05:06,54.3,110.3,279.53,83,98,1.86
509,Chatra,IN,2022-04-17 16:05:07,24.2167,84.8667,302.28,9,0,1.24
510,Coxim,BR,2022-04-17 16:05:07,-18.5067,-54.76,302.96,24,0,2.98
511,Bodden Town,KY,2022-04-17 16:05:07,19.2833,-81.25,303.15,69,20,3.09
512,Santa Rosa,PH,2022-04-17 16:02:52,14.3122,121.1114,300.99,73,25,4.55
513,Padang,ID,2022-04-17 16:00:28,-0.9492,100.3543,299.36,88,100,1.4
514,Dicabisagan,PH,2022-04-17 16:05:08,17.0818,122.4157,297.89,87,79,3.39
515,Axim,GH,2022-04-17 16:05:08,4.8699,-2.2405,301.05,76,94,4.66
516,Colares,PT,2022-04-17 16:05:09,38.7992,-9.4469,294.51,58,20,10.29
517,Borogontsy,RU,2022-04-17 16:05:09,62.6683,131.1683,259.88,97,7,1.53
518,Oranjestad,AW,2022-04-17 16:05:09,12.524,-70.027,302.12,70,75,12.35
519,Sibu,MY,2022-04-17 16:05:10,2.3,111.8167,297.24,98,84,0.78
520,General Pico,AR,2022-04-17 16:01:29,-35.6566,-63.7568,294.94,39,5,3.65
521,Buenaventura,CO,2022-04-17 16:05:10,3.8801,-77.0312,300.17,88,79,2.48
522,Ponta Pora,BR,2022-04-17 16:05:10,-22.5361,-55.7256,295.1,56,0,4.63
523,Jurado,CO,2022-04-17 16:05:11,7.1053,-77.7641,301.31,77,95,1.87
524,Puerto El Triunfo,SV,2022-04-17 16:05:11,13.2833,-88.55,305.66,54,85,2.23
525,Dearborn Heights,US,2022-04-17 16:05:11,42.337,-83.2733,277.9,48,40,2.06
526,Mana,GF,2022-04-17 16:05:12,5.6592,-53.7767,301.36,69,48,4.03
527,Miri,MY,2022-04-17 16:05:12,4.4148,114.0089,298.97,81,11,2.74
528,Taungdwingyi,MM,2022-04-17 16:05:12,20.0167,95.55,305.06,39,18,3.67
529,Collie,AU,2022-04-17 16:05:13,-33.3667,116.15,281.52,82,3,0.93
530,Riyadh,SA,2022-04-17 16:04:37,24.6877,46.7219,302.23,13,0,6.55
531,Cabo San Lucas,MX,2022-04-17 16:05:13,22.8909,-109.9124,303.76,17,40,1.54
532,Mahajanga,MG,2022-04-17 16:05:13,-15.7167,46.3167,302.26,58,2,1.49
533,Santa Maria Del Oro,MX,2022-04-17 16:05:14,25.9333,-105.3667,298.02,9,47,3.57
534,Maraa,BR,2022-04-17 16:05:14,-1.8333,-65.3667,302.51,72,97,1.12
535,Boddam,GB,2022-04-17 16:05:15,57.4667,-1.7833,286.72,86,100,8.42
536,Tenenkou,ML,2022-04-17 16:05:15,14.4572,-4.9169,311.59,7,6,5.74
537,Kashi,CN,2022-04-17 16:05:15,39.4547,75.9797,290.45,19,96,1.75
538,Goderich,CA,2022-04-17 16:01:37,43.7501,-81.7165,275.88,58,78,6.25
539,Matara,LK,2022-04-17 16:05:16,5.9485,80.5353,300.06,82,74,2.0
540,Ottawa,CA,2022-04-17 16:01:42,45.4112,-75.6981,280.22,58,79,2.24
541,Pombas,CV,2022-04-17 16:05:16,17.1503,-25.0201,297.03,76,2,5.83
542,Yorkton,CA,2022-04-17 16:05:17,51.2167,-102.4677,268.06,80,100,2.57
543,Banjar,ID,2022-04-17 16:05:17,-8.19,114.9675,299.27,89,100,1.25
544,Nioro,GM,2022-04-17 16:05:17,13.35,-15.75,312.94,8,91,3.6
545,Hamada,JP,2022-04-17 16:04:39,34.8833,132.0833,283.86,45,100,2.32
546,Turukhansk,RU,2022-04-17 16:05:18,65.8167,87.9833,262.52,94,100,6.63
547,Saint George,US,2022-04-17 16:00:55,37.1041,-113.5841,290.61,30,0,1.54
548,Buchanan,LR,2022-04-17 16:05:18,5.8808,-10.0467,300.91,70,100,2.79
549,Amga,RU,2022-04-17 16:05:18,60.8953,131.9608,262.09,96,14,1.24
550,Ocos,GT,2022-04-17 16:06:19,14.5094,-92.1933,306.25,68,25,3.71
551,Karratha,AU,2022-04-17 16:06:19,-20.7377,116.8463,302.78,44,42,2.53
552,Kasongo,CD,2022-04-17 16:06:19,-4.45,26.6667,296.56,89,93,1.23
553,Francisco Sa,BR,2022-04-17 16:06:20,-16.4758,-43.4883,298.52,60,84,5.55
554,Baripada,IN,2022-04-17 16:06:20,21.935,86.7214,304.08,51,32,6.72
555,Dwarka,IN,2022-04-17 16:06:20,22.2394,68.9678,300.32,81,0,5.57
556,Constitucion,CL,2022-04-17 16:06:21,-35.3333,-72.4167,289.83,64,79,2.03
557,Kuzino,RU,2022-04-17 16:06:21,57.0224,59.4412,273.8,89,99,2.58
558,Gigmoto,PH,2022-04-17 16:06:21,13.7796,124.39,299.09,84,60,4.05
559,Matay,EG,2022-04-17 16:06:22,28.419,30.7792,311.1,6,80,5.0
560,Vangaindrano,MG,2022-04-17 16:06:22,-23.35,47.6,296.62,86,1,2.39
561,Khash,IR,2022-04-17 16:06:22,28.2211,61.2158,297.86,22,4,4.7
562,Havre-Saint-Pierre,CA,2022-04-17 16:06:23,50.2334,-63.5986,273.35,100,100,2.06
563,Sambava,MG,2022-04-17 16:06:23,-14.2667,50.1667,298.6,89,3,4.92
564,Beringovskiy,RU,2022-04-17 16:06:23,63.05,179.3167,271.67,98,100,6.78
565,Kismayo,SO,2022-04-17 16:06:24,-0.3582,42.5454,301.5,78,100,6.77
566,Nome,US,2022-04-17 16:06:10,64.5011,-165.4064,272.19,80,100,8.75
